ax (m/s^2),ay (m/s^2),az (m/s^2)
-1.0204,-0.355,-1.163
-1.7715,-0.2391,4.999
0.1282,1.3065,0.4995
-1.173,-0.5014,-1.8625
-3.9567,3.3624,-1.3746
0.7762,-3.1632,5.0253
0.3729,1.8377,-0.0159
-0.228,-2.8101,-1.5295
7.9535,-0.1482,8.6736
-0.0382,-2.1236,0.4936
1.7906,3.1431,1.8107
-4.8719,3.0737,3.9324
-1.9151,0.2355,0.772
1.3937,0.8965,-0.2559
-2.2731,2.7269,-3.4532
9.8675,-5.4945,4.3291
0.2179,1.1473,0.2426
6.1545,2.3397,1.7493
-0.1168,0.3249,6.484
-0.9139,-1.5281,-0.388
-3.7503,0.1637,1.0766
-0.7183,-1.4477,-0.2115
-1.0579,0.6149,0.0345
0.6136,1.6744,2.7002
-1.3352,1.94,2.3147
2.5796,2.3877,0.7251
0.3378,4.5222,-4.7965
1.4353,2.0946,-0.3038
-0.3789,-1.2464,-0.1054
-4.9043,1.1953,0.5408
-2.9839,-0.9833,1.2529
0.308,0.9857,-0.375
-0.0587,5.3769,3.6811
-3.3129,-0.9847,0.5963
2.0014,2.9668,2.673
4.8664,-0.5865,7.4676
-1.8579,-1.794,0.5041
-5.6422,-0.968,-2.3358
0.6154,1.395,-0.08
-5.3555,-0.5346,-1.8872
4.5676,1.6416,1.0164
-3.3459,-1.9826,-2.2263
-1.7004,0.0809,0.1159
-0.6042,0.708,-1.0509
2.2104,-5.0067,2.2237
16.8606,-5.8075,6.4156
-1.894,1.4272,-1.2534
5.0801,-8.5655,2.5684
2.4633,3.1365,-2.2661
2.8146,-0.8277,-1.3426
-2.4736,-1.2804,-3.1025
0.7108,-0.2161,1.9308
-2.6426,2.1517,-0.7391
-4.0003,0.1115,0.827
0.5431,5.6585,1.3868
4.7712,0.1932,4.3293
-2.1189,1.5978,-0.3487
5.2777,-4.7184,4.9761
-2.9679,0.9545,-0.5269
-2.5108,2.7462,-3.7138
2.5706,3.1221,2.6205
9.324,3.7467,3.5126
-1.792,0.5244,1.1307
-2.4463,-1.8005,2.6328
7.7458,1.0814,1.6212
2.1119,-3.3746,9.4925
1.367,-2.9314,-2.8511
-2.9725,0.452,0.3721
-5.1793,-1.3834,-1.0243
-2.9404,-0.6039,-1.9403
5.702,-1.1415,1.7257
1.2936,1.4409,-1.6307
0.9962,-0.4651,3.0125
0.5147,-1.449,0.0729
-0.0114,-2.7606,7.6132
-3.965,0.3764,4.4085
-3.1256,0.1778,-3.4634
-0.7423,1.1986,-2.5801
-2.5417,-1.6876,-2.2253
-3.8322,1.6945,0.5728
0.1793,0.6771,0.0737
-2.3759,2.0908,-3.6678
2.9385,-1.8399,-1.4262
5.945,-2.2504,8.4584
1.0454,0.2372,-1.2558
6.7254,-0.0941,1.4322
0.0255,-4.079,-3.4111
-2.0767,0.0591,-0.4215
2.6305,0.2767,6.8819
-4.9163,0.46,-2.7279
0.5823,1.1383,0.9108
5.8317,-1.7005,11.5193
-3.813,0.1399,-0.3851
0.4403,-2.557,-1.3978
5.6331,-3.2238,0.1654
1.5548,-0.5476,-1.4301
-4.6536,2.6036,-3.4017
5.1364,0.8681,3.5645
1.2875,1.2204,1.6292
0.8992,0.6858,-0.9473
-1.8614,-2.5084,-3.3381
-0.599,-0.3445,6.2123
3.3247,-5.6957,6.1354
1.9701,-0.609,0.1364
-0.3286,-1.9103,4.485
3.0911,0.6116,0.6841
-4.6972,-1.7612,-2.3756
3.6936,4.6116,0.2885
-2.6237,2.2463,-2.7722
-1.7865,1.0301,1.0588
1.8626,1.061,4.4298
2.6111,-2.6872,5.4978
-3.337,0.5184,-1.9526
-2.909,-0.3972,1.7842
-4.0148,0.3058,-0.1072
3.6521,-0.6427,1.8003
0.6622,-0.517,1.2662
1.2012,3.14,5.5891
-3.2964,0.1907,-0.5182
2.3111,4.9691,2.2852
-2.2394,0.367,-1.7636
1.5719,1.3223,-0.5255
1.5794,4.0708,9.7688
0.288,-0.2634,-1.323
3.4451,3.4893,0.5924
-1.1084,-0.0982,-2.2198
5.1954,1.8172,1.1679
1.2594,2.3004,1.8279
-0.1977,0.462,-1.3244
-2.0456,0.9028,5.9225
-1.936,1.4097,0.3257
2.7463,1.5584,4.3342
6.8011,1.3658,0.5046
-2.7593,1.2661,-0.7342
-3.1666,1.6908,4.5814
0.1095,0.4551,-1.2972
-0.7739,0.0662,-3.7912
3.935,3.5669,0.2884
-0.407,1.4391,0.3429
-0.8833,0.6123,-1.5275
1.6414,0.1356,4.0724
1.4042,0.3812,0.7126
-6.1292,0.6431,-0.9464
-2.916,1.7312,-0.7816
-2.8403,1.2231,-0.5112
-0.2636,-1.0866,-1.6314
4.1227,0.3681,-2.587
-2.854,0.9055,-0.5376
4.8854,-6.6467,-0.3516
5.6255,1.8351,1.0935
0.3575,-0.2113,-1.0145
-3.1094,0.745,-0.7432
1.4166,-4.6535,2.9766
3.1453,-2.5931,-1.0
2.8763,0.4061,5.0664
5.0281,-4.7182,-0.3695
-6.6578,-0.9601,1.0804
0.6272,0.5156,3.9486
5.3923,4.2174,0.985
8.5293,4.159,1.2234
-2.8056,0.9793,-1.0931
2.6088,-1.6858,2.9679
2.5161,1.6447,0.0471
-0.5529,-1.1394,-3.0724
0.2983,-1.6012,-2.6715
-2.0829,0.5672,4.1374
2.5445,-1.8272,-0.4401
0.1488,1.6016,-0.3183
-1.9958,-2.3063,0.6845
-2.0199,-0.6025,-0.9598
0.7326,1.837,-0.9903
8.8526,7.1574,2.1249
-6.2406,-0.5265,-0.2961
-5.6254,-1.9297,2.956
1.609,-3.9137,5.9632
6.188,-0.8387,-1.9419
2.0624,-1.252,2.9464
-0.808,1.871,3.7202
-0.2543,0.5819,-1.8521
-3.5265,0.7892,-3.1796
0.3264,0.6246,4.5967
1.8684,-1.5514,0.6901
-3.3265,0.6984,-1.4527
0.2853,0.853,0.7782
2.0572,2.2271,0.5762
-5.4037,-1.1963,0.3859
-2.8478,-1.259,-1.5983
-3.4645,-0.1985,-1.7417
-0.4686,-2.4959,-0.7944
-3.8829,-1.2526,-1.8076
-2.4519,1.5255,-0.1737
2.5238,2.1042,1.2068
-0.0247,-0.0748,-2.6419
2.0992,-1.6481,-1.9717
-7.1714,-0.9284,0.4063
2.5999,-0.3312,4.7825
-4.7406,-1.6294,1.6082
0.2835,-0.7976,-2.3924
-4.6855,0.1484,-0.27
5.8533,-4.1686,0.4705
1.0142,1.8762,3.4422
0.2204,-0.9442,0.2585
3.1952,2.0485,2.3911
-7.781,4.595,2.3726
2.433,0.9323,-2.3727
7.1042,-2.7321,0.6824
-6.4414,-0.7425,-1.621
-2.1852,2.6111,-2.2831
2.898,-1.2931,0.2082
-4.3022,2.7579,-1.4969
-0.4871,-1.8731,4.1201
0.0515,-0.1515,-1.5784
-0.0696,1.9612,-0.4844
3.9913,-2.718,5.7336
3.1217,4.6167,3.6365
-4.9336,-2.1417,-2.6571
0.9158,-0.6549,-1.7133
1.6047,0.8223,-0.6253
-4.7709,-1.5693,2.1929
0.8216,2.4709,4.5348
-2.5908,2.2725,3.1106
-0.4812,0.562,0.3536
-0.357,1.1146,-2.3184
-2.517,-1.9682,-1.1006
-0.7208,2.3872,-0.743
1.6204,0.4914,1.4632
-3.0245,-0.1353,1.4331
-0.3392,1.1006,3.5698
0.9935,-0.311,-1.117
1.1289,-0.9917,3.7176
-3.5254,-0.1538,-2.4631
2.8913,0.7543,0.0192
-3.1662,0.5058,-0.3434
-2.394,0.2544,1.5626
1.0429,0.1437,-0.8998
-0.8441,0.5809,3.1698
-5.022,2.4312,-2.815
3.8606,3.4973,3.2338
2.0742,-2.3772,-0.7757
1.867,-0.9859,2.2662
-2.6159,-1.6939,-3.5808
0.5308,-1.4199,-1.7463
5.1889,-3.8554,4.4014
-0.0813,0.8713,0.4411
-1.4103,0.1636,-1.6345
1.8408,4.0816,4.0454
-5.5005,0.4139,-2.4351
-0.8389,-2.1463,-2.9442
3.8889,0.03,7.5183
-3.1329,-0.6561,0.9166
6.8265,0.5452,2.2129
-2.1829,0.0933,-0.5204
-2.923,0.4599,-0.5363
0.6841,3.0858,5.0653
-0.814,0.0851,-2.7149
0.1612,0.2023,5.9243
4.9276,-1.9281,2.247
1.4245,1.8495,1.5227
0.4842,-2.4613,1.5578
-0.2783,2.085,-0.8453
0.9008,1.0837,0.0949
-5.2378,0.0991,0.2623
0.2682,0.0888,-2.2717
1.4463,3.2493,-3.0341
1.0605,3.2696,2.9227
-1.4046,-1.0211,0.3076
-2.1699,1.3577,1.8153
-1.4169,1.1425,2.6738
0.0104,-0.7527,0.2482
-1.9009,0.4891,-2.3881
-6.9024,-0.0291,-2.4619
-1.8359,0.0845,-0.3784
-0.0682,1.8776,-1.5138
0.9689,-0.0387,2.8411
1.8772,4.2624,4.9783
-0.9097,3.6869,2.3094
-0.5019,-3.8606,0.9108
-0.5081,1.0781,-0.0648
13.9896,10.4147,4.79
-2.8082,-0.1319,1.2297
3.0397,0.0738,-1.0987
-1.8513,2.4616,-1.9358
0.2011,0.7519,-0.6933
-0.1302,-0.6338,-2.6064
0.3863,2.4066,1.3638
-5.4817,-1.3863,1.7336
6.8446,3.5426,6.673
0.3592,0.794,0.9056
-3.2091,-0.4059,-0.5737
-7.3813,-1.2973,0.6541
-2.2684,-2.036,-3.6968
7.3322,-0.1466,3.9183
-1.9284,-0.0135,-0.8815
-0.0157,0.678,-1.8572
1.3077,2.7595,-1.6162
6.0771,-3.9462,4.6932
3.2263,0.6495,2.1754
0.7689,2.4971,-1.6146
0.354,-1.7318,-1.4365
-6.3715,1.6728,-1.72
8.4792,4.5939,0.1129
3.3868,1.4581,-3.8112
1.7443,1.2352,-3.2425
-3.5888,-1.9488,-1.785
4.4022,-2.9756,-0.6807
-4.4774,2.7278,-1.1923
4.5833,1.6471,6.2461
-0.7127,-1.6752,6.0075
1.7899,0.1004,0.5869
-5.3288,1.0702,0.4279
-3.5304,0.0127,-1.6198
0.6278,-0.8068,-2.1918
-2.5904,0.526,-2.6762
-5.4169,-0.0452,-0.6315
-2.856,3.2722,-1.0514
-3.1946,1.6266,-0.4581
6.8696,0.1397,1.5551
-1.7426,-2.4315,4.3992
-2.3481,0.3455,-2.3501
1.6149,0.331,-0.1432
-1.665,-0.1579,-0.9466
1.6461,-1.3264,-2.2
-0.7874,0.3354,-2.806
-7.3671,-2.0167,-1.8239
-1.9603,1.3215,2.0357
-0.7367,0.7722,1.1121
3.2942,-0.4439,1.3826
-4.5516,-1.6602,1.2666
-1.4587,0.3597,-1.3081
-0.8118,1.7909,0.7976
0.3525,1.4221,0.4753
2.3345,-3.2718,9.4892
-1.6593,1.3927,1.4215
-0.8484,0.2978,-1.5574
-0.3016,0.6163,-0.4565
-0.615,-1.482,2.3072
-4.4081,0.9444,-1.179
-1.8122,-0.0122,2.983
3.6686,-7.3074,4.8571
-1.6848,0.381,-2.3542
0.2408,2.5219,-4.7908
-2.3228,2.6774,-2.6512
5.1925,-1.0626,5.24
-2.2936,2.3673,-2.801
0.3415,0.3165,1.8046
-0.8264,-0.7321,-2.9389
2.191,-0.8165,0.7047
-0.3654,1.3172,-1.8987
-1.5975,1.8451,-1.4197
2.0978,2.7229,-1.7921
-0.7835,4.1298,2.4893
-5.5321,0.658,0.6747
-4.443,0.4678,2.5104
-0.4568,-2.4272,0.8261
-1.6006,-3.4283,4.9021
-2.9042,-0.5833,-3.818
1.6366,3.9753,-0.4291
0.7517,-1.0458,6.0962
4.9975,-4.5776,0.549
-0.8683,1.5177,2.6893
1.8484,-4.5798,2.9877
-3.7201,0.7337,1.2611
-1.2802,5.1564,-2.7879
-1.8547,-1.2975,1.0954
-0.301,2.1784,0.5613
0.8942,-1.4805,-0.425
-6.796,-0.1813,-2.693
-3.0502,-2.9342,0.2035
-1.2006,5.0806,-0.5533
-1.9667,1.3369,0.6205
1.7551,-0.7612,1.7066
-4.1121,2.2736,2.886
2.0503,-6.0934,6.9875
-0.0855,-1.4614,2.8772
-2.7721,-0.2955,2.4418
2.2692,-1.3304,0.1002
1.2814,-1.0529,1.4161
5.8784,1.8107,0.5986
-0.2228,-0.925,1.7074
-0.744,0.6329,-0.8811
-0.2753,0.4174,-0.0469
-2.2835,2.1297,-3.7959
-0.8172,3.3398,1.0006
-1.7354,-1.4493,1.4244
-4.8383,-0.1243,-0.8603
-0.9214,5.37,2.8646
-2.2142,0.3889,-1.7797
4.9752,3.0799,1.2319
2.0013,1.8564,-0.4182
-0.0124,-1.436,0.4207
1.5093,1.7545,2.1836
-1.4132,-2.381,3.1587
2.8001,0.3451,2.3845
4.998,1.5301,6.195
1.7828,0.0256,-3.5911
6.5346,3.0902,2.4604
-4.7825,-0.0077,-0.3568
-5.9892,-0.9068,-0.1344
-4.7694,-0.2416,-0.9754
0.8663,2.6189,-1.8593
-0.1064,1.8608,3.1485
0.9981,-1.7698,2.7828
-2.7841,-0.1007,5.7984
-0.1399,2.411,4.2293
3.1015,-1.7567,-0.5072
-8.6035,1.1765,-2.9336
1.76,1.8044,0.1616
0.0365,1.4395,0.4528
4.4869,0.347,3.2594
-5.4635,-1.1767,-2.646
0.9399,0.7014,-1.8131
3.121,4.1289,0.7753
-2.7023,-0.2263,-3.6705
-0.8427,-1.5889,-1.1826
-0.0127,-1.7372,-2.4248
-4.9222,0.4083,-2.2574
1.0872,1.1036,2.3883
-1.1427,-2.6369,-2.136
0.2475,-0.7645,8.0142
3.4317,1.3893,5.725
1.9595,-2.6257,-0.1723
4.8711,-1.4029,4.0707
3.1917,-2.8516,8.1199
-4.8475,0.2047,-2.4014
4.1688,3.0468,6.0602
0.2109,-1.2435,-1.3349
-3.5532,-0.1514,-0.3273
6.5578,-4.3836,4.2788
-1.5559,-0.4705,-0.3884
3.1674,-1.4575,4.1229
1.2952,-0.5675,4.185
-3.4095,1.4157,-2.5628
-6.2136,0.8812,-2.1479
0.7771,-3.6044,1.7941
11.7104,5.0807,-1.7648
-2.0216,-1.7419,-0.1915
1.0949,1.9491,1.7688
4.119,3.9209,-0.9157
0.9078,-1.2759,2.7656
-2.3492,0.4337,0.1798
0.6793,1.5522,-0.7748
2.6646,3.2913,3.7957
0.9888,3.1994,-1.8757
0.118,4.7543,-4.3887
-5.555,-0.7119,-2.2597
-2.7835,-1.9027,2.6983
0.2159,0.9039,-0.4455
-3.6832,2.0497,-2.6896
-1.8261,0.6656,0.5093
-10.1289,1.6793,-2.5225
11.3637,1.1516,8.1303
-5.0307,-2.1294,2.709
7.2006,-1.5,2.4144
2.8527,-0.3536,2.3659
-1.9541,-0.4478,3.7341
3.4697,-0.6779,-0.1222
-1.1771,-0.1674,0.8383
6.0329,1.8895,1.196
1.936,1.6546,3.1509
1.3056,0.6383,-0.0732
2.1492,0.0028,0.2006
-3.4325,-1.2596,-2.4441
0.4107,1.3762,-1.6596
0.2573,0.7296,-2.9437
-0.6472,1.5297,-0.733
0.9562,3.0298,-0.6782
-3.5554,-1.6436,-2.4395
-2.6099,-1.4726,0.9905
2.8796,-1.6986,-1.6979
4.6658,1.5985,-2.4934
-0.7635,0.5936,-1.4486
-5.179,-1.1493,-1.3992
-0.498,-1.5652,-3.3085
-3.2213,0.8618,-3.993
-3.1729,1.4742,-1.1199
3.4825,6.5492,2.5532
3.0508,0.7701,2.6815
1.9351,-1.7028,-1.1932
-0.1208,3.737,1.0945
-1.4911,-3.1955,-2.9692
-1.4651,2.1253,0.7758
-3.9688,0.1378,-1.5421
1.6488,-0.3815,6.4829
-1.6738,0.3839,-0.8043
-1.6858,1.1465,-1.6381
-4.9366,1.1459,-0.6688
-4.5363,1.0281,-0.3791
7.3897,-0.9865,3.1089
0.7446,3.1596,0.1157
-0.593,1.5453,-1.5985
3.8052,1.7269,-3.5661
1.5688,2.6598,2.4799
-3.4764,1.9333,-0.7379
2.7524,3.3879,1.5228
-1.9425,-0.6317,-1.8168
5.9417,4.9504,3.4071
5.7058,5.4511,-0.0015
-2.3956,-0.6078,-0.8249
4.8649,-6.8506,6.7816
-0.4782,-3.5131,1.0259
-5.0937,0.4894,-1.3395
3.9815,-0.346,6.9717
-1.3404,-0.4398,0.9137
3.2946,1.2441,-0.5744
-0.9362,0.8429,-0.7845
-2.7768,2.9396,-0.7983
1.9793,-0.5863,-3.0726
3.3037,2.374,-1.3212
6.001,-3.722,2.9327
-1.6591,1.7351,6.9192
0.1445,-3.0292,-0.0841
-4.1403,-0.2213,0.3239
2.6298,4.1951,-0.6522
-0.7129,0.4717,-2.7517
-2.0098,2.5566,-2.8776
-1.2198,1.5442,1.9351
6.5595,0.5932,2.1072
-0.4516,-2.0379,-2.9731
5.6917,-4.5528,1.8977
1.3828,0.7403,-0.3433
4.8201,0.808,8.0917
-2.9214,0.2748,1.0756
1.8487,0.8803,1.3286
-1.0412,-2.3471,4.7943
2.4803,2.6528,5.5799
-5.5562,-0.9738,-1.1028
2.2546,4.3125,-0.1284
0.5004,-3.3392,1.7452
-0.0402,1.6846,-1.6001
-3.2874,-0.2337,1.2525
6.7431,-2.0368,6.9771
0.7328,-3.144,1.6071
5.1026,2.1599,0.9567
2.6033,-1.8019,-1.4522
4.3389,-2.6355,8.399
-1.2875,-2.167,-0.3491
2.1841,4.0744,-0.2381
-3.9673,2.1274,-1.8267
-2.8,5.2446,3.0345
1.2699,3.7036,4.2979
-0.4589,1.8425,0.662
-6.2193,-0.3424,-0.1602
-1.3637,-0.5313,-0.8044
1.6923,0.3002,-1.6267
-1.3035,1.6865,0.3621
0.0382,2.3882,-0.2136
-2.2571,-1.4044,-0.8514
-0.9777,0.6203,-0.8635
-0.4233,1.2113,-0.2014
-4.6504,0.3427,-0.9458
3.0308,1.462,-1.9505
-1.0668,3.2841,-0.5405
6.3768,1.8807,1.6035
7.9059,4.3852,3.3523
-2.5961,3.4527,-1.3668
-0.3085,5.1512,-2.0365
1.4865,-2.0963,-3.1527
0.399,-1.0344,-2.1102
2.2537,1.1807,0.1606
-3.9931,0.8302,-2.1146
-2.1014,0.8572,3.995
-0.994,2.8142,5.2382
2.6393,-0.1913,-1.082
14.6355,-2.4409,-1.1411
2.2185,0.1235,-3.1679
1.5348,1.2063,-0.3898
6.8427,-9.8447,3.473
-2.7362,2.4056,1.0598
1.6685,3.5564,-0.6013
-5.0447,-0.0054,2.0708
-2.8727,0.2154,-0.9243
6.1353,0.7032,0.4019
0.2729,3.9513,-0.7548
4.197,2.5764,2.0548
0.9973,0.1167,-0.4864
2.3423,2.8275,1.6067
-5.4822,-0.769,-2.1017
-4.4679,0.1993,-4.303
-2.4204,-2.0963,2.8483
1.5226,1.4669,1.3297
1.7053,1.3178,-0.2466
1.0766,-0.3649,1.7815
-5.041,0.2678,-0.8322
-6.5455,1.5301,-2.5411
-2.0462,2.7637,4.2404
-0.2893,0.0597,-1.1335
0.5062,3.2105,-0.6794
5.6599,3.9538,0.9425
1.0728,3.1709,0.8746
-2.7056,0.0538,2.8686
9.4374,-6.3377,2.7822
-1.0487,-0.0489,-0.1152
-0.1564,1.5608,-0.1006
3.4774,-8.3654,0.4009
2.3812,0.4106,1.9919
-2.0706,-2.1982,-1.5855
2.1232,-2.2746,-2.5182
-0.4324,-1.2181,-2.404
-0.7609,-3.6315,-2.0144
2.511,3.5342,0.571
-0.3446,0.6358,-0.4763
-0.2117,0.8474,0.6702
0.5549,3.0597,1.6324
3.1004,-1.0563,2.2578
-3.6152,2.3658,-0.6064
-3.9749,1.7137,-1.1559
-3.6411,0.4237,-1.7367
0.2094,0.3478,2.709
-1.4766,0.8588,-1.6157
-2.3779,1.484,-0.1476
5.0315,4.2954,2.1945
0.3941,0.6082,2.2733
-2.5872,0.2398,-2.483
4.6671,-7.858,-1.2254
-2.798,-0.3239,-1.9507
1.8953,0.593,-2.2296
-5.8359,-0.7681,0.191
2.1775,1.4702,1.5841
-0.8084,3.2202,-1.0045
-1.8426,0.9367,0.2995
-0.6911,1.3189,-1.0186
-0.4882,4.096,5.3317
-2.7086,0.1907,-0.4232
2.6753,2.7025,1.1642
2.2201,2.2352,0.5185
2.1971,-0.5735,-0.0372
-3.4579,0.4036,-2.0871
-1.3191,-2.2291,3.8317
1.1059,0.563,-2.6643
3.0428,4.6789,1.4584
-5.1888,0.7807,0.9589
0.2871,-0.686,1.4144
2.4896,0.9992,3.9174
1.5508,1.1949,-1.5174
-4.2916,0.2084,-1.5441
-0.0287,1.7537,0.4437
0.1267,0.8262,-2.3065
0.4619,-0.9712,-2.9184
0.9578,0.2969,0.7267
3.7313,0.5941,4.8682
8.5755,-1.83,6.8627
0.6276,-0.3185,-3.3343
-2.1681,-3.1555,5.1257
6.6163,2.3533,2.3651
5.0078,2.2556,0.9335
7.0361,0.9551,1.877
-0.2061,1.3526,3.6374
2.9135,0.4016,6.9132
-0.3974,-1.0175,1.4013
-3.4279,-3.4936,-2.0862
-2.9983,0.6907,0.0934
1.1964,1.391,-0.7249
2.2607,-0.0487,6.8115
1.9694,2.47,2.1987
0.5141,0.3653,-0.6812
-1.0881,-1.0331,-1.7588
2.0837,1.2918,3.1774
-1.1488,-3.5679,-0.7339
-4.0915,0.4316,0.8963
9.6222,3.9789,2.1667
3.1806,-2.6423,-0.9867
1.8737,0.3431,-1.6348
-0.7115,1.4553,2.432
1.4742,-2.6861,0.9217
-2.8504,-0.179,-0.8773
-0.4943,1.7297,0.5925
-0.6127,1.86,0.9721
-3.7345,-1.1139,-0.6069
-0.6924,0.3013,-1.2364
5.7276,-0.0991,5.3597
3.2453,-1.3426,-0.357
-0.8155,-2.3486,1.6669
1.9904,2.1129,4.2325
-0.6106,0.8392,-2.7173
3.2864,2.249,-3.7104
1.5381,0.9938,-1.2141
4.4837,-4.5154,-0.2419
-3.9747,2.1472,-0.8951
-1.8577,1.624,-0.0585
-3.3068,-0.1016,1.7513
2.7139,-4.2325,3.1007
1.5933,1.7394,0.058
-6.0768,-1.3177,-3.7965
-2.5442,1.2057,1.4177
4.0649,1.8121,1.864
6.5035,1.6724,1.2696
-4.5551,-1.5578,-2.8156
-1.3589,-0.5024,3.0042
1.0776,-2.2587,2.1889
-5.2643,1.189,-1.0256
3.4978,3.4427,1.2876
-0.8109,-0.2224,1.3117
-2.5572,-0.4365,9.0125
0.672,-1.5654,-1.21
1.8962,0.3419,-2.5213
-0.5026,-1.3572,-0.3892
-0.2646,2.2353,-0.9061
-5.206,0.0096,3.8377
2.5873,-0.2752,-1.0503
-1.7296,2.4001,-4.0241
2.1347,1.4031,-0.31
0.273,-1.1399,0.136
0.0542,1.5474,-1.5829
2.269,1.3641,-2.6518
-0.585,1.2104,0.9484
0.0473,1.3021,1.1758
4.6882,0.2021,9.3998
0.7251,1.085,0.8489
-0.1454,-1.6557,-2.9818
-1.2127,1.6491,-0.1116
4.361,-2.3383,6.464
-3.8331,0.4262,-1.7661
-1.6875,0.4001,4.7968
-1.302,4.3881,0.2177
2.7814,-5.5709,3.5199
7.0236,-1.1583,3.8144
-4.7662,1.5558,-3.8447
-3.1294,-2.3363,0.0006
1.3556,1.4859,5.5523
0.6695,-1.0481,-3.883
6.3518,-0.5078,3.1781
-0.8149,-2.5195,-0.734
0.6952,-0.4736,-2.0402
4.5225,1.9872,7.1551
7.1864,1.5941,3.3303
4.4789,0.9803,2.6701
6.2946,-0.8016,7.1925
-2.2165,0.7105,-3.9901
-1.5373,5.47,-1.9256
-2.0996,-1.3446,0.4678
-3.9518,-1.4074,-0.2857
-4.7338,1.1172,0.4286
2.4114,-0.4886,-1.3577
4.294,1.6024,0.6022
2.9387,1.8792,1.45
4.1608,1.9348,-1.8644
0.5334,0.1399,-1.0118
-3.7028,2.7931,-3.0125
0.4517,0.6863,-0.7605
-2.1633,0.4231,0.6557
-1.2668,-3.2185,-2.5548
-3.4674,0.5008,-1.4564
-2.4605,3.6423,-2.4914
0.2604,-3.3623,3.3897
-2.4042,-0.2563,-3.5855
4.5879,-2.2004,-2.6524
0.7597,-0.7012,1.1441
-1.2887,2.5282,3.6455
2.3968,-0.8088,2.2131
11.0374,6.0382,2.5852
-3.3375,-0.904,-3.8336
3.0474,4.3742,1.4344
2.5896,3.9901,4.3191
-0.0007,1.0328,-1.2235
0.4603,-1.3774,4.0267
-0.9613,0.1938,0.7563
0.9885,-1.0938,1.9121
-0.0134,1.3098,0.2577
7.1537,1.5671,0.4846
-0.5244,1.419,-0.7548
5.096,-2.5188,4.5077
-0.1462,0.3908,5.9818
8.1507,-1.0294,1.5633
1.2122,6.4622,-2.208
0.1869,1.1172,0.1157
-3.2426,0.9279,-1.6482
3.1082,-1.0433,4.1507
-0.9155,-1.0845,2.8654
-2.8031,1.4993,-1.2504
0.0442,0.2927,0.9015
4.617,-0.1807,8.7875
-0.5377,-0.2194,0.8775
-0.3484,0.4847,2.3204
5.094,-6.9486,4.6104
-0.2272,-3.1241,2.4353
-1.6033,-0.1755,-3.1704
-5.2458,1.4219,-1.4535
-0.3546,1.1785,-1.0506
-0.9293,-1.7133,-2.9279
-1.8424,0.2587,-0.8025
-5.3011,-0.5158,-0.7243
-3.6681,0.0422,-1.7628
-3.4453,0.5208,-0.6716
-4.1407,-0.3514,0.2202
1.1523,0.8789,-1.4631
11.4026,-5.0957,2.5716
0.1549,-1.7558,-2.4873
-0.4823,1.5751,1.3881
-2.5792,0.2143,-2.5526
-1.2439,0.7617,-2.0771
-3.418,0.3426,-1.6996
1.4746,1.1974,3.0617
3.3285,-4.2722,0.1686
-4.5,-0.3325,2.5085
4.0318,-0.7311,5.7554
4.1427,-1.6723,-3.3162
13.1591,3.6894,8.8564
3.7457,2.3564,1.4487
-0.3222,-0.6136,3.6412
-0.7514,-0.3633,0.8197
-1.4561,-2.9007,-0.4679
3.8156,3.563,-1.0221
3.0653,-2.062,3.9268
-3.0986,1.2099,-2.3539
7.2717,-8.8063,2.2294
1.3493,1.7428,0.3775
-6.4677,0.8327,-0.8308
1.7821,1.0827,1.5846
0.2485,-2.7153,-0.1852
-0.1841,1.911,4.6111
-0.4389,2.6601,-2.8823
1.0993,-2.3383,2.4954
0.187,-3.7448,-1.5279
-0.3948,-1.025,-1.2153
0.1388,-0.9338,-2.5617
4.1761,3.4066,3.0958
-4.5435,2.8618,-0.5092
-1.8455,2.1645,-2.4207
-1.1837,-1.7321,0.8591
-1.8652,0.2285,2.3977
-2.3255,-1.6009,-3.1093
9.3916,-4.5018,3.2762
2.2811,-0.7333,3.0759
-0.5579,-0.4414,-2.7325
-0.8368,1.3206,3.4633
-2.2753,1.0991,-0.4012
9.7732,0.0069,-1.0241
-2.6792,1.0212,0.9042
-1.7423,4.5924,2.7753
0.0784,-0.7644,0.559
-3.8781,-1.0728,0.641
-0.2468,0.8083,1.5143
-0.5668,-0.8754,-0.6961
-0.4764,3.2883,-1.2511
1.1918,0.3407,8.0416
-0.9168,1.1853,-2.0473
-1.6117,0.8984,-0.7608
0.4633,1.3874,4.7028
-1.7566,0.6451,-1.6351
-6.6978,-1.5075,-1.932
-6.2069,1.1848,-1.3074
-1.8147,0.5046,0.7657
-3.5377,0.0233,-2.7314
5.406,-1.3107,2.5039
-2.0893,-1.2534,2.6366
-2.9336,0.5025,-4.026
-7.0266,-0.5378,-2.1091
-0.0331,-3.1498,-1.4498
3.4949,-1.4718,4.7014
-7.8618,-0.7403,-4.7314
2.5912,-2.331,1.5252
-2.1973,-0.493,-1.9073
-1.5391,3.4248,-2.6785
-2.0009,2.0493,-1.7907
3.5934,3.983,1.6877
0.1588,0.3613,-0.4699
-3.0204,-1.4265,-3.2887
0.541,4.5925,0.1851
-0.5682,1.8752,-0.8651
-2.7694,-1.7973,-1.9743
3.0539,0.3373,-0.7661
-0.9776,-2.4348,0.6395
-2.9046,-4.2687,-1.2701
-0.6979,0.3216,-1.0169
2.1427,1.6761,2.2483
-0.6084,1.1945,0.0827
-0.8909,-1.5256,-0.5305
-2.6818,1.8417,-1.861
-0.0821,1.9361,3.2266
1.6616,3.8363,-1.4788
2.3914,-0.6811,0.5655
3.1048,3.2359,1.3347
4.2031,2.9482,3.6936
-4.6182,0.6245,-1.2856
-3.7895,0.6726,0.5028
0.0073,2.3216,3.007
-0.581,1.1324,-1.8908
0.5436,-0.4676,1.9345
0.1813,5.5192,6.329
4.1877,1.7296,-1.9929
0.9338,2.7851,-1.7392
2.1454,0.568,-0.3925
-0.9945,-1.6106,-1.209
-1.1708,-0.5233,-2.0155
-1.2378,0.6474,-0.8346
-3.7659,0.2489,-0.8052
1.7847,0.1182,0.3053
0.546,2.4052,0.3701
-4.7072,-2.1669,-0.9828
-3.6102,-0.5679,-0.362
-5.5237,-0.5404,-1.1194
1.6782,5.3354,2.3943
-0.9497,0.1346,-0.3882
0.9742,-0.6711,1.6345
-5.7727,-1.6111,-3.3671
0.7839,-4.7345,3.5332
3.7792,0.5235,0.6935
-1.3209,5.4878,-1.4343
6.5412,3.2471,0.5815
4.9919,-9.039,5.0327
-0.6459,0.4482,-1.8132
-7.0259,-0.7084,-2.4847
3.639,4.092,3.436
0.8083,-0.0355,9.1728
0.2716,0.668,0.0834
-0.3887,-1.7218,-2.7301
-5.9918,2.011,-0.1898
-5.2773,-0.4772,-1.9772
2.4563,-1.1785,2.4713
0.1178,-2.6472,0.7519
-0.9782,-0.9634,-2.0055
0.5155,-0.044,-2.9645
2.9293,-2.398,2.5868
4.1302,-6.555,1.958
-2.2973,-1.3207,0.4716
-4.1495,-1.16,-1.0975
2.9829,-3.5211,4.2379
-3.0861,0.0143,-0.1835
1.3504,0.4469,-1.295
-3.8518,0.0021,-1.8807
-2.189,1.974,5.1244
-7.3537,-3.6245,-0.8943
-0.2415,-3.3729,-1.4908
1.1995,1.3366,1.2212
-1.306,-3.5341,-0.6552
-0.5431,-0.0799,-1.9025
0.3854,0.369,1.4894
2.0028,-2.0737,0.0206
-6.716,0.1642,-1.7306
6.883,0.8843,8.1984
-1.919,3.0699,3.8914
-10.0023,1.4959,-2.3557
-1.9586,0.0845,-1.6745
-2.045,0.5918,-2.3537
-4.9363,0.4867,-2.3397
0.8766,-1.5332,-0.6454
-2.9948,-1.2704,0.7231
1.3481,-1.3281,-0.098
3.0459,1.9792,1.692
0.2798,0.2177,-2.5266
-1.0856,-2.1116,5.5413
-4.0169,2.6318,-0.969
0.7875,3.5452,-1.1972
0.246,1.5858,-2.0304
-3.9091,0.2812,-0.9081
1.2828,0.5837,-2.8613
3.0289,-4.0119,0.9883
-0.7631,-0.8563,-2.3371
1.3143,-4.1348,1.8699
2.439,2.4202,1.063
0.4395,1.0203,0.644
-0.2893,-0.9638,-0.3067
-0.6198,-0.7776,1.563
-0.3824,3.8272,0.8365
-2.8796,1.1749,-0.8213
0.5851,-1.5963,-3.0673
10.2867,-4.1088,6.0715
6.2849,-3.5802,-0.0594
1.9962,-1.8646,6.7451
-1.9114,2.5133,0.0615
1.3845,2.6098,4.5512
1.3048,-1.6411,3.2846
6.0831,1.0013,6.2974
7.7755,-0.3374,2.3473
2.6385,-1.1125,1.694
-5.4413,-1.3138,-0.2089
-0.964,-0.0759,-2.5675
0.0343,1.0904,0.7875
-1.039,-0.164,-1.834
1.5553,0.8362,-1.416
-4.5995,-1.44,-0.6658
3.0883,3.6087,3.243
3.8986,1.584,4.1623
1.4102,0.5759,-1.7105
2.7402,0.7464,0.3579
1.7978,-0.9193,0.3641
-0.934,-1.3291,-0.6488
10.6425,2.2747,2.3255
0.0826,-2.5283,0.4905
-0.5004,-1.1684,-0.0953
-5.6703,0.8096,-0.3998
-5.7333,-0.042,-3.1658
-1.5493,1.0116,-0.3006
2.3352,-1.1087,-2.4626
1.7576,7.2012,-0.2168
-3.7716,-0.0511,-3.0553
-1.3629,2.7616,-1.1796
-0.723,2.8744,0.6526
1.6335,-2.217,-0.0223
-0.2009,2.62,-0.4094
5.8551,1.1719,0.263
9.0548,-1.4185,4.8026
-6.108,-0.7256,-1.9011
2.6211,0.338,-3.1235
-4.4481,-0.0564,-0.0071
1.5405,0.3758,4.6006
2.6233,1.9419,2.9479
2.0056,-1.2946,-0.8354
-1.82,-0.7546,2.6892
8.9623,-4.1285,2.2089
2.2151,1.6525,-1.0121
6.2302,5.9968,2.6009
-0.6659,-1.0353,1.8013
0.6272,-2.6132,-1.6976
-3.0015,0.2744,1.9594
-0.8685,-0.0177,-2.5277
-4.3729,-1.17,-0.9763
-2.324,-3.354,7.9954
-2.0887,1.5734,-0.1826
-4.2303,-0.0036,-1.7587
0.5093,-0.1363,9.4568
-5.3638,0.2251,0.3615
0.8131,1.312,1.3671
-0.2955,1.6542,-0.9662
0.7212,0.7311,0.2719
-0.1702,0.4397,3.3276
-4.4087,-1.2383,-3.1836
5.125,2.2115,4.4904
1.4118,0.3522,8.4998
-0.4723,-0.6401,-1.9753
1.1202,-0.5715,-1.303
-0.5346,3.1187,2.998
1.2776,-4.2894,1.2104
2.5501,1.0243,3.3728
3.3206,1.7264,-1.2041
-0.5576,-1.187,4.6694
1.9104,0.7653,1.6363
0.9671,-1.6837,0.8356
5.7125,1.0267,8.4287
-0.6538,-0.0227,-0.7035
0.907,0.3505,0.0303
4.9089,-6.605,-2.8211
4.2858,-3.4032,3.4423
2.3566,-2.1485,-1.2467
4.0652,2.1488,1.2533
-4.1584,-0.0262,-0.4227
0.0487,1.4732,-2.3175
-4.2662,1.7568,-1.7299
-0.8823,1.7528,-2.0724
-0.9234,0.1789,0.0026
-1.2196,1.7658,3.2124
-6.3648,-0.4586,-2.6853
0.3098,0.8438,0.4835
-2.6098,3.0707,-2.7144
8.2587,2.8781,4.1327
2.0779,0.0844,-2.3815
-0.4763,-0.2166,-0.1981
6.0787,1.9181,-1.1237
0.8729,3.2475,5.6714
1.2844,-0.023,4.5495
-2.8833,2.1996,-1.6613
5.7191,-5.51,0.5632
1.5475,1.9395,-0.3589
-1.9455,0.4212,1.0785
-3.126,0.7297,-1.3269
-0.2633,3.746,1.1423
0.2991,-1.2051,1.6468
4.6151,2.9328,1.2197
-2.8455,2.4677,-2.1996
-3.2858,-1.9288,2.2939
-0.0287,-0.5913,-3.5797
-4.5535,3.2547,-0.4502
-2.1756,0.423,-0.5413
3.5578,2.8973,1.2599
-4.2143,1.8986,2.3557
1.9222,2.5082,0.4568
0.5214,-0.5356,-2.2901
-0.6817,-1.2794,-2.3396
2.1954,-0.3009,-2.6106
2.2859,-0.5969,6.4613
-1.4814,2.1092,-2.1437
4.399,-3.0707,3.9436
-1.3849,4.1156,2.3157
1.3168,-1.2507,3.9623
0.6871,-1.8743,1.4508
1.0057,-0.3717,3.2445
-0.5143,-2.5399,-2.4066
0.849,3.6894,0.6725
-3.1253,0.2974,-3.5516
-4.4928,1.5244,-2.5635
-1.2265,3.0957,-2.2785
-0.8747,-1.582,-2.8823
-1.7055,-1.2155,-2.2692
10.7943,-6.2431,4.836
-3.1344,-0.2227,-3.6227
0.6192,1.4732,-1.2532
-3.766,0.5672,-2.4264
-3.2706,0.9901,-0.3637
-2.6763,1.3603,-2.232
-2.3804,-0.9981,4.3966
-0.026,1.4609,-0.0922
-3.0751,-3.8602,3.0427
3.5888,-0.2844,-0.5451
-6.4447,-0.8988,0.5495
3.7837,0.1344,1.1033
3.5211,-1.9981,2.0091
-3.6797,0.0376,-1.1097
-1.5074,-0.5456,1.3388
-5.3788,0.4268,-4.1234
4.8855,2.2237,-2.464
-3.839,-1.6406,0.0524
-6.6552,-2.544,-0.3223
3.647,-4.0217,0.1467
-5.0733,-0.6717,-2.4169
0.1648,0.2742,-0.3629
-1.9099,0.4286,-2.5672
-1.1799,-0.0444,-0.9633
3.0756,-1.902,-0.4195
3.3682,2.9686,-1.7466
3.2507,-2.2143,0.2104
3.6352,1.6309,-0.7639
-4.2025,-1.4434,1.7
-5.3503,1.2326,-1.0567
-0.1328,0.8077,0.9518
3.5507,-1.9887,3.6161
4.5491,2.0041,-0.726
0.8893,1.1388,-0.0813
-1.0333,-2.4926,-2.2493
-3.433,0.2544,-1.974
-1.5106,-0.9189,-2.0439
-2.8229,-0.6719,-0.7934
-0.7187,-1.391,-3.3919
-4.8113,0.0922,0.8347
3.1271,-0.7917,-1.059
-1.5178,0.8741,-1.2415
-0.9687,1.6307,-0.5283
-4.2023,-1.4963,-0.4199
0.0936,-1.1752,-0.0717
-2.096,4.6938,7.2975
-0.849,1.6697,-1.8163
-4.4964,1.6816,1.7384
-0.609,1.4007,-0.9303
2.2177,1.9673,0.217
1.9964,-2.5772,-1.5911
1.3399,-0.6684,4.7611
4.7196,2.3149,2.146
-1.4177,3.6677,-2.4463
-3.0318,-0.6334,0.0054
-0.5988,0.1683,0.3943
3.4931,2.1154,2.1924
-6.4414,-0.3289,-3.4589
-3.5744,-2.3099,-0.1839
-0.1244,-2.8854,-2.9835
-2.1565,3.4415,2.3109
0.6007,-0.0788,-1.4771
-1.2668,2.3492,-2.5738
2.6503,-1.0,-1.6728
-3.8417,-0.7691,-0.2929
1.4152,-1.2626,6.818
-1.6886,2.044,2.0371
-2.1974,0.1798,1.4732
8.8445,-2.7416,5.5694
-2.0787,-0.28,-0.9693
0.2527,2.4029,2.9784
-1.2995,3.4721,-0.1031
-0.4119,1.5422,6.3329
-5.5441,0.2986,-2.77
-0.2968,2.1185,-0.0726
-1.102,3.4102,-2.102
-1.3601,0.5833,0.6022
-5.5174,-0.1053,-3.924
2.3292,-0.323,1.9901
-0.6092,-0.3179,1.3193
-4.3189,-2.2225,-2.5474
1.4881,1.6329,-0.5465
-1.72,3.7068,-0.6019
-0.0919,1.1648,-2.1565
-4.6367,-0.3954,0.2247
3.8962,1.0579,1.2519
1.5026,2.1418,-1.1537
-3.8363,1.3845,-2.165
-0.8435,-1.0163,-1.7471
-0.2727,-1.6005,1.8352
1.003,-1.0581,-2.6078
-0.6175,-1.4192,-0.831
-1.0241,-2.3279,-2.3301
0.137,1.0779,0.3449
5.3361,0.0787,2.649
4.3528,3.4201,4.6457
2.465,2.3446,2.2335
1.1456,-0.6884,0.3106
-5.6103,1.1706,-0.6404
1.477,-0.032,-2.2503
-5.6337,-1.0094,1.8161
-3.5801,0.4794,-1.5583
1.8588,-2.9021,-1.9566
-1.5634,-1.8449,3.264
1.2578,2.185,3.3919
-1.0965,-0.8624,-1.6191
-4.0379,-1.2319,0.1436
2.8903,-2.297,1.9571
-2.9845,-1.3607,0.1531
-4.8432,-2.3441,-0.4461
4.4529,0.9877,-2.1429
0.1189,-1.1217,-2.2636
1.923,-0.3122,0.0305
0.0943,0.5261,2.1468
-1.1943,0.3574,-2.8749
-0.2763,1.9217,7.4518
-1.2499,1.9812,-1.9663
-4.6391,2.7531,-2.2308
-4.7678,0.7824,-1.666
-2.2738,-3.5016,-1.6088
1.4835,3.9518,-1.9754
1.3717,3.5095,3.5542
-3.0292,-0.2545,-2.8336
3.4019,2.7,-0.0416
-2.4376,4.402,-1.2998
-0.9209,-1.8889,-1.8102
-1.1803,1.8598,0.5221
-7.154,-0.5003,-4.2722
-2.7768,0.6107,-3.5115
0.0212,0.5673,-0.1726
-3.0899,2.2552,-0.9539
-2.0755,2.087,-2.7036
-3.3891,-0.3204,-2.3537
1.6941,-0.6138,-0.3115
2.8262,2.9081,4.4331
-1.6495,-1.3582,4.1885
3.7027,1.9167,6.0591
2.278,2.8075,2.415
1.9442,2.6106,0.203
0.0701,-0.6267,-2.0696
1.1791,0.8449,-2.4295
-0.5562,2.5684,-1.8231
-0.1365,-0.786,1.5893
-3.0425,-0.5337,-1.9279
-6.6957,0.9606,-0.7968
0.0532,0.529,0.5334
0.6773,1.2048,1.0115
6.7454,-0.8593,2.9198
-0.3108,-2.2962,-0.3781
-4.6574,3.6904,2.2523
3.0269,2.023,-2.1234
2.0696,1.1995,-2.0393
2.6298,1.5276,0.029
-0.8556,4.8765,2.2846
-0.4343,2.0256,-0.7005
6.2848,-1.9742,0.0224
2.2851,-1.6223,0.0216
1.0647,0.6946,-1.2503
-5.8791,-0.789,-1.9234
3.6748,-3.5264,1.5376
-1.051,-1.1844,0.6962
-1.7378,1.566,-2.2823
0.5762,-1.6786,-1.127
2.1586,-1.4205,3.1336
-5.8815,0.1821,-2.2081
-1.4794,-1.4297,-1.0805
4.3222,1.2687,0.9653
-4.4505,1.1365,0.6646
-4.9741,-1.3136,-3.5787
-0.1695,1.5757,1.5542
-5.7333,-0.2555,-1.1158
-0.6266,1.2137,-0.9004
-3.8792,3.0361,0.0165
1.9285,2.1001,2.6967
9.727,2.6822,4.246
4.6723,-5.0079,0.7443
-4.2893,-1.2162,-0.252
0.2217,1.4428,3.007
-0.7558,1.608,0.1826
0.434,0.948,4.1012
0.3271,-2.1009,-2.7923
4.0554,-2.9014,4.9342
6.0269,-0.1007,2.5366
0.5382,1.4121,0.3934
1.8665,-3.0182,-2.204
-4.7431,-1.5891,-0.9026
5.2912,-0.3954,4.7902
4.5356,1.7937,8.2628
1.6244,-2.8267,-1.5697
5.4915,-0.1505,3.2442
3.4142,0.9653,4.2894
-1.1895,-0.6139,1.6667
1.602,-2.724,4.0479
0.6234,-2.2526,0.6219
-3.8633,3.4292,2.6742
0.3779,-0.1946,0.3945
2.2797,1.457,-3.1008
3.8689,2.8455,-1.6395
3.4061,-2.3717,-0.4771
-1.0366,1.3233,-1.146
-0.5694,0.3381,-2.7118
4.4318,2.3424,1.6192
0.9668,0.7629,-0.6782
2.7705,0.7694,-3.1392
3.601,-1.2882,-1.1128
-4.874,-0.1329,-1.7644
-4.7218,-0.125,3.547
0.4042,0.1521,-2.5577
-1.7434,-0.108,0.6063
-2.8191,-0.0342,-2.6829
-5.4657,-2.1035,0.3994
0.7844,0.5867,-1.2448
2.2159,-0.5749,-2.9204
2.6978,5.232,3.052
1.0929,3.551,-2.0274
-0.4827,1.1122,-1.976
-3.5312,0.6875,-0.4454
-3.1072,2.7982,-4.1725
1.6758,2.8559,-1.7013
-0.6417,1.0174,-2.0157
-2.0895,0.3269,4.9472
-0.2945,4.0934,0.2346
-3.8469,2.1834,3.9181
-0.9226,0.4496,0.4458
0.1683,0.8378,-0.6889
-4.3412,1.1035,-0.1614
-1.0146,-0.2011,1.5793
6.4223,4.1276,2.5631
-4.6795,-2.0202,-3.3414
0.1111,-1.1228,0.51
-2.5685,0.1295,-1.2909
1.8176,0.6774,0.3741
-2.382,3.2111,-2.926
1.9169,-1.8141,-0.8156
-0.6615,-0.6185,-1.0599
-1.5696,0.3275,-3.952
-0.9674,0.5353,-3.8368
-4.2806,1.1319,0.5591
-2.2385,0.1075,-1.841
3.3944,-1.4557,3.5196
0.2064,1.5397,-1.2108
3.1171,3.8812,2.5049
0.1862,0.0146,-1.3824
2.3872,2.1398,-1.5427
4.3015,3.3396,1.8832
-2.8468,-1.2203,-2.0912
-2.3334,3.4697,-2.4947
2.8984,0.7355,3.4622
-0.9226,-0.9787,2.1923
2.1247,-1.0168,1.4214
1.8689,3.1549,0.832
-1.2243,-6.7954,3.7328
-0.3599,-0.1017,1.2846
0.181,-0.0749,-2.2266
1.6244,1.6914,1.3033
2.1071,-1.901,2.2425
1.9156,2.8993,0.069
-5.7119,-0.0119,0.1807
0.1989,-0.7485,1.1318
3.7576,1.3966,2.4161
4.0748,2.126,1.0485
-4.1391,2.3507,2.8098
-4.5408,-0.658,-0.7119
-4.726,0.3013,-0.576
1.3156,-0.6965,6.5652
3.5571,0.3319,-0.5388
-1.4321,-1.446,-0.8302
-1.3458,-0.3617,-0.761
-3.8958,-0.1488,-1.0392
-2.7813,-1.7575,0.6889
-2.6848,3.4303,-0.3772
0.3071,1.9169,0.1865
3.6522,-0.4827,6.692
0.3549,2.8683,2.7761
-2.9754,0.4786,-0.4513
1.7507,1.0703,3.4359
-4.6014,0.5275,0.7823
0.8322,-0.4005,-2.075
-0.1441,1.5534,-2.5112
-0.5748,4.6182,-0.1543
-2.5524,2.4059,6.8881
1.9701,-0.5917,-0.4875
0.188,0.7239,-1.0008
0.2409,4.118,2.104
-1.063,-0.008,-1.7137
-0.8735,1.741,2.328
-0.0683,0.8153,1.0705
-5.6237,-0.9641,-1.6791
6.6621,6.9455,-0.243
4.4434,4.1619,-0.7359
0.153,0.1493,10.9902
1.1907,-1.6664,6.3563
0.8796,-1.5939,0.6191
-0.3338,-0.044,-0.8861
-0.0476,-2.8657,1.7083
-1.886,1.9623,-2.1929
1.2449,0.9103,-2.4662
-0.7868,-1.1504,-1.4096
3.252,-0.3234,7.793
-0.7311,-0.2658,-3.2239
1.0351,1.0863,1.1832
-3.9939,-1.0646,2.0609
15.4568,-6.4633,-4.1221
-4.2486,0.6355,-2.7606
1.9875,2.9057,1.8229
4.2797,4.5128,5.7852
-2.0659,2.0347,5.8612
-1.3982,1.6455,-0.0759
1.4967,-2.0169,10.5759
-7.4334,-3.3965,-1.232
5.5026,1.5222,2.3574
0.5678,-0.7232,1.104
-0.8481,2.1125,-0.2943
-2.1775,-2.0112,-0.8563
-2.6616,-0.3172,-1.9742
0.1707,1.9886,1.4088
-6.5117,-1.1387,-1.0501
-1.6368,-1.8047,0.4834
-4.9736,0.5479,-2.4303
0.4553,-0.0713,-3.8627
-0.8569,-0.5281,-1.567
-0.638,1.0098,-1.2682
-5.6735,-0.5642,0.1569
-4.4357,0.6173,-2.2198
8.73,-3.7625,2.9354
-5.8903,-0.3777,-1.6365
-2.0696,2.9079,-1.2657
-3.7935,-2.0981,4.545
11.9233,-5.5461,3.0407
3.728,-1.307,5.0542
6.8579,5.4224,4.64
5.7511,0.953,4.2674
0.0781,0.7724,0.4428
-8.4603,3.9572,1.2776
-1.3236,-0.1546,-2.016
-2.0468,-0.896,-1.5115
-1.7912,4.0588,-2.1109
1.7069,-0.5441,3.6157
-0.4834,-0.8175,-0.7581
-2.3748,-1.0739,-0.5951
5.356,-4.5666,2.878
0.3688,4.6839,-1.8879
-0.8579,-0.3091,0.196
-2.632,1.2242,-0.3303
3.6674,1.6469,-1.4748
6.2354,-6.1115,1.3597
3.129,0.8398,-2.5831
2.5256,1.8093,-1.2909
4.4944,-5.5331,3.3085
-0.8118,0.7173,-0.611
-1.2147,-1.9289,1.4407
-5.8106,-1.4201,-2.5489
-5.3771,-0.828,-1.0099
-0.309,0.596,3.7689
-5.9058,-0.685,-2.0337
4.9321,4.2843,0.2584
-1.9397,1.3318,10.7642
3.1026,-2.2626,-1.3314
-0.2031,2.6405,0.8167
-6.0638,-0.4292,-1.5486
0.9221,3.1433,1.6848
-0.6025,1.2082,-2.5265
-0.0552,1.2135,1.5499
-4.5973,0.4369,0.9411
-1.5318,-0.0168,0.5325
-0.4778,3.7529,-2.7535
-5.373,0.1358,-1.7278
0.1858,-1.3072,-1.9074
-2.8661,-0.0003,1.1173
-0.0851,0.3137,-0.9773
-5.0248,1.6427,-0.262
-4.4333,3.0345,-2.8227
1.2803,0.527,-1.1426
0.2602,3.1209,1.7871
0.424,0.0076,-0.0714
0.6635,0.6914,-2.2033
2.4866,-3.4692,4.7955
-6.4457,-0.3999,-1.8443
0.1111,0.1525,3.5651
-1.1916,1.8364,-0.0887
5.3803,1.9875,10.2196
-0.9044,-0.8419,-1.5784
1.2994,-1.5856,-1.2901
-0.5955,-0.7626,-2.7292
7.2191,-0.0614,-0.7796
1.2425,-0.5072,0.5328
-4.8044,-1.1064,-0.8155
0.7441,0.6233,-2.2284
0.4696,0.4159,7.1403
-1.6403,-0.226,-0.1577
-2.9103,0.3066,-0.1049
3.5847,0.795,0.929
7.0322,-9.6995,3.9933
8.6491,3.3526,3.1427
3.3015,3.0841,-1.4467
-6.5808,-1.407,1.114
2.9057,3.933,1.9385
-2.4777,0.929,-1.5382
-5.6712,-0.4866,-1.3121
0.0356,-0.445,1.3083
-3.5615,1.3745,-3.7458
7.362,6.0109,1.7005
-2.4883,-0.8146,-3.481
0.3291,1.6944,-1.0735
2.349,-1.6064,9.0793
-6.245,-0.5474,-1.9735
-3.2405,0.531,-0.1227
-3.991,2.2544,-3.1209
9.3953,-7.2393,-0.3001
0.9546,-0.3651,-3.8611
-2.5141,-2.2479,0.7022
5.7752,2.0993,8.7542
0.3343,-1.061,0.3028
-1.8125,1.51,-1.1067
-1.2663,-0.8292,-1.8461
2.5866,2.9621,-1.7725
-4.5882,-0.4256,-1.1438
